PAYS;COUNTRY;ISOALPHA2;ISOALPHA3;NOMBRE;TELEPHONE;CODEISO
Afghanistan;Afghanistan;ZW;ZWE;4;93;ISO 3166-2:AF
Afrique du Sud;South Africa;AF;AFG;710;27;ISO 3166-2:ZA
Albanie;Albania;ZA;ZAF;8;355;ISO 3166-2:AL
Algerie;Algeria;AL;ALB;12;213;ISO 3166-2:DZ
Allemagne;Germany;DZ;DZA;276;49;ISO 3166-2:DE
Andorre;Andorra;DE;DEU;20;376;ISO 3166-2:AD
Angola;Angola;AD;AND;24;244;ISO 3166-2:AO
Antarctique;Antarctica;AO;AGO;0;672;ISO 3166-2:AQ
Antigua-et-Barbuda;Antigua and Barbuda;AQ;ATA;28;1;ISO 3166-2:AG
Arabie saoudite;Saudi Arabia;AG;ATG;682;966;ISO 3166-2:SA
Argentine;Argentina;SA;SAU;32;54;ISO 3166-2:AR
Armenie;Armenia;AR;ARG;51;374;ISO 3166-2:AM
Aruba;Aruba;AM;ARM;533;297;ISO 3166-2:AW
Australie;Australia;AW;ABW;36;61;ISO 3166-2:AU
Autriche;Austria;AU;AUS;40;43;ISO 3166-2:AT
Azerbadjan;Azerbaijan;AT;AUT;31;994;ISO 3166-2:AZ
Bahamas;The Bahamas;AZ;AZE;44;1;ISO 3166-2:BS
Bahrein;Bahrain;BS;BHS;48;973;ISO 3166-2:BH
Bangladesh;Bangladesh;BH;BHR;50;880;ISO 3166-2:BD
Barbade;Barbados;BD;BGD;52;1;ISO 3166-2:BB
Belgique;Belgium;BB;BRB;56;32;ISO 3166-2:BE
Belize;Belize;BE;BEL;84;501;ISO 3166-2:BZ
Benin;Benin;BZ;BLZ;204;229;ISO 3166-2:BJ
Bhoutan;Bhutan;BJ;BEN;64;975;ISO 3166-2:BT
Bielorussie;Belarus;BT;BTN;112;375;ISO 3166-2:BY
Birmanie;Myanmar;BY;BLR;104;95;ISO 3166-2:MM
Bolivie;Bolivia;MM;MMR;68;591;ISO 3166-2:BO
Bosnie-Herzegovine;Bosnia and Herzegovina;BO;BOL;70;387;ISO 3166-2:BA
Botswana;Botswana;BA;BIH;72;267;ISO 3166-2:BW
Bresil;Brazil;BW;BWA;76;55;ISO 3166-2:BR
Brunei;Brunei;BR;BRA;96;673;ISO 3166-2:BN
Bulgarie;Bulgaria;BN;BRN;100;359;ISO 3166-2:BG
Burkina Faso;Burkina Faso;BG;BGR;854;226;ISO 3166-2:BF
Burundi;Burundi;BF;BFA;108;257;ISO 3166-2:BI
Cambodge;Cambodia;BI;BDI;116;855;ISO 3166-2:KH
Cameroun;Cameroon;KH;KHM;120;237;ISO 3166-2:CM
Canada;Canada;CM;CMR;124;1;ISO 3166-2:CA
Cap-Vert;Cape Verde;CA;CAN;132;238;ISO 3166-2:CV
Chili;Chile;CV;CPV;152;56;ISO 3166-2:CL
Chine;China;CL;CHL;156;86;ISO 3166-2:CN
Chypre;Cyprus;CN;CHN;196;357;ISO 3166-2:CY
Colombie;Colombia;CY;CYP;170;57;ISO 3166-2:CO
Comores;Comoros;CO;COL;174;269;ISO 3166-2:KM
Congo-Brazzaville;Congo-Brazzaville;KM;COM;0;242;ISO 3166-2:CG
Coree de Sud;South Korea;CG;COG;410;82;ISO 3166-2:KR
Coree du Nord;North-Korea;KR;KOR;408;850;ISO 3166-2:KP
Costa Rica;Costa Rica;KP;PRK;188;506;ISO 3166-2:CR
Cote d'Ivoire;Ivory Coast;CR;CRI;384;225;ISO 3166-2:CI
Croatie;Croatia;CI;CIV;191;385;ISO 3166-2:HR
Cuba;Cuba;HR;HRV;192;53;ISO 3166-2:CU
Curacao;Curacao;CU;CUB;531;5999;ISO 3166-2:CW
Danemark;Denmark;CW;CUW;208;45;ISO 3166-2:DK
Djibouti;Djibouti;DK;DNK;262;253;ISO 3166-2:DJ
Dominique;Dominica;DJ;DJI;212;1;ISO 3166-2:DM
Egypte;Egypt;DM;DMA;818;20;ISO 3166-2:EG
Emirats arabes unis;United Arab Emirates;EG;EGY;784;971;ISO 3166-2:AE
Equateur;Ecuador;AE;ARE;218;593;ISO 3166-2:EC
Erythree;Eritrea;EC;ECU;232;291;ISO 3166-2:ER
Espagne;Spain;ER;ERI;724;34;ISO 3166-2:ES
Estonie;Estonia;ES;ESP;233;372;ISO 3166-2:EE
Eswatini;Eswatini;EE;EST;748;268;ISO 3166-2:SZ
Etats-Unis;United States;SZ;SWZ;840;1;ISO 3166-2:US
Ethiopie;Ethiopia;US;USA;231;251;ISO 3166-2:ET
Fidji;Fiji;ET;ETH;242;679;ISO 3166-2:FJ
Finlande;Finland;FJ;FJI;246;358;ISO 3166-2:FI
France;France;FI;FIN;250;33;ISO 3166-2:FR
Gabon;Gabon;FR;FRA;266;241;ISO 3166-2:GA
Gambie;Gambia;GA;GAB;270;220;ISO 3166-2:GM
Georgie;Georgia;GM;GMB;268;995;ISO 3166-2:GE
Ghana;Ghana;GE;GEO;288;233;ISO 3166-2:GH
Grece;Greece;GH;GHA;300;30;ISO 3166-2:GR
Grenade;Grenada;GR;GRC;308;1;ISO 3166-2:GD
Guatemala;Guatemala;GD;GRD;320;502;ISO 3166-2:GT
Guinee;Guinea;GT;GTM;324;224;ISO 3166-2:GN
Guinee Equatoriale;Equatorial Guinea;GN;GIN;226;240;ISO 3166-2:GQ
Guinee-Bissau;Guinea-Bissau;GQ;GNQ;624;245;ISO 3166-2:GW
Guyana;Guyana;GW;GNB;328;592;ISO 3166-2:GY
Haiti;Haiti;GY;GUY;332;509;ISO 3166-2:HT
Honduras;Honduras;HT;HTI;340;504;ISO 3166-2:HN
Hongrie;Hungary;HN;HND;348;36;ISO 3166-2:HU
Iles Cook;Cook Islands;HU;HUN;184;682;ISO 3166-2:CK
Inde;India;CK;COK;356;91;ISO 3166-2:IN
Indonesie;Indonesia;IN;IND;360;62;ISO 3166-2:ID
Irak;Iraq;ID;IDN;368;964;ISO 3166-2:IQ
Iran;Iran;IQ;IRQ;364;98;ISO 3166-2:IR
Irlande;Ireland;IR;IRN;372;353;ISO 3166-2:IE
Islande;Iceland;IE;IRL;352;354;ISO 3166-2:IS
Israel;Israel;IS;ISL;376;972;ISO 3166-2:IL
Italie;Italy;IL;ISR;380;39;ISO 3166-2:IT
Jamaique;Jamaica;IT;ITA;388;1;ISO 3166-2:JM
Japon;Japan;JM;JAM;392;81;ISO 3166-2:JP
Jordanie;Jordan;JP;JPN;400;962;ISO 3166-2:JO
Kazakhstan;Kazakhstan;JO;JOR;398;7;ISO 3166-2:KZ
Kenya;Kenya;KZ;KAZ;404;254;ISO 3166-2:KE
Kirghizistan;Kiribati;KE;KEN;296;686;ISO 3166-2:KI
Kirghizistan;Kyrgyzstan;KI;KIR;417;996;ISO 3166-2:KG
Kosovo;Kosovo;KG;KGZ;14110;381;
Koweit;Kuwait;KO;KOV;414;965;ISO 3166-2:KW
Laos;Laos;KW;KWT;418;856;ISO 3166-2:LA
Lesotho;Lesotho;LA;LAO;426;266;ISO 3166-2:LS
Lettonie;Latvia;LS;LSO;428;371;ISO 3166-2:LV
Liban;Lebanon;LV;LVA;422;961;ISO 3166-2:LB
Liberia;Liberia;LB;LBN;430;231;ISO 3166-2:LR
Libye;Libya;LR;LBR;434;218;ISO 3166-2:LY
Liechtenstein;Liechtenstein;LY;LBY;438;423;ISO 3166-2:LI
Lituanie;Lithuania;LI;LIE;440;370;ISO 3166-2:LT
Luxembourg;Luxembourg;LT;LTU;442;352;ISO 3166-2:LU
Macedoine;Macedonia;LU;LUX;807;389;ISO 3166-2:MK
Madagascar;Madagascar;MK;MKD;450;261;ISO 3166-2:MG
Malaisie;Malaysia;MG;MDG;458;60;ISO 3166-2:MY
Malawi;Malawi;MY;MYS;454;265;ISO 3166-2:MW
Maldives;Maldives;MW;MWI;462;960;ISO 3166-2:MV
Mali;Mali;MV;MDV;466;223;ISO 3166-2:ML
Malte;Malta;ML;MLI;470;356;ISO 3166-2:MT
Maroc;Morocco;MT;MLT;504;212;ISO 3166-2:MA
Marshall;Marchall Islands;MA;MAR;584;692;ISO 3166-2:MH
Maurice;Mauritius;MH;MHL;480;230;ISO 3166-2:MU
Mauritanie;Mauritania;MU;MUS;478;222;ISO 3166-2:MR
Mexique;Mexico;MR;MRT;484;52;ISO 3166-2:MX
Micronesie;Micronesia;MX;MEX;583;691;ISO 3166-2:FM
Moldavie;Moldova;FM;FSM;498;373;ISO 3166-2:MD
Monaco;Monaco;MD;MDA;492;377;ISO 3166-2:MC
Mongolie;Mongolia;MC;MCO;496;976;ISO 3166-2:MN
Montenegro;Montenegro;MN;MNG;499;382;ISO 3166-2:ME
Mozambique;Mozambique;ME;MNE;508;258;ISO 3166-2:MZ
Namibie;Namibia;MZ;MOZ;516;264;ISO 3166-2:NA
Nauru;Nauru;NA;NAM;520;674;ISO 3166-2:NR
Nepal;Nepal;NR;NRU;524;977;ISO 3166-2:NP
Nicaragua;Nicaragua;NP;NPL;558;505;ISO 3166-2:NI
Niger;Niger;NI;NIC;562;227;ISO 3166-2:NE
Nigeria;Nigeria;NE;NER;566;234;ISO 3166-2:NG
Niue;Niue;NG;NGA;570;683;ISO 3166-2:NU
Norvege;Norway;NU;NIU;578;47;ISO 3166-2:NO
Nouvelle-Zelande;New Zealand;NO;NOR;554;64;ISO 3166-2:NZ
Oman;Oman;NZ;NZL;512;968;ISO 3166-2:OM
Ouganda;Uganda;OM;OMN;800;256;ISO 3166-2:UG
Ouzbekistan;Uzbekistan;UG;UGA;860;998;ISO 3166-2:UZ
Pakistan;Pakistan;UZ;UZB;586;92;ISO 3166-2:PK
Palaos;Palau;PK;PAK;585;680;ISO 3166-2:PW
Panama;Panama;PW;PLW;591;507;ISO 3166-2:PA
Papouasie-Nouvelle-Guinee;Papua New Guinea;PA;PAN;598;675;ISO 3166-2:PG
Paraguay;Paraguay;PG;PNG;600;595;ISO 3166-2:PY
Pays-Bas;Netherlands;PY;PRY;528;31;ISO 3166-2:NL
Perou;Peru;NL;NLD;604;51;ISO 3166-2:PE
Philippines;Philippines;PE;PER;608;63;ISO 3166-2:PH
Pologne;Poland;PH;PHL;616;48;ISO 3166-2:PL
Portugal;Portugal;PL;POL;620;351;ISO 3166-2:PT
Qatar;Qatar;PT;PRT;634;974;ISO 3166-2:QA
Republique Centrafricaine;Central African Republic;QA;QAT;140;236;ISO 3166-2:CF
Republique Dominicaine;Dominican Republic;CF;CAF;214;1;ISO 3166-2:DO
Republique Tcheque;Czech Republic;DO;DOM;203;420;ISO 3166-2:CZ
Republique democratique du Congo;Democratic Republic of the Congo;CZ;CZE;180;243;ISO 3166-2:CD
Roumanie;Romania;CD;COD;642;40;ISO 3166-2:RO
Royaume-Uni;United Kingdom;RO;ROU;826;44;ISO 3166-2:GB
Russie;Russian Federation;GB;GBR;643;7;ISO 3166-2:RU
Rwanda;Rwanda;RU;RUS;646;250;ISO 3166-2:RW
Saint-Christophe-et-Nieves;Saint Kitts and Nevis;RW;RWA;659;1;ISO 3166-2:KN
Saint-Marin;San Marino;KN;KNA;674;378;ISO 3166-2:SM
Saint-Siege ;Vatican City;SM;SMR;336;39;ISO 3166-2:VA
Saint-Vincent-Et-Les Grenadines;Saint Vincent and the Grenadines;VA;VAT;670;1;ISO 3166-2:VC
Sainte-Lucie;Saint Lucia;VC;VCT;662;1;ISO 3166-2:LC
Salomon;Solomon Islands;LC;LCA;90;677;ISO 3166-2:SB
Salvador;El Salvador;SB;SLB;222;503;ISO 3166-2:SV
Samoa;Samoa;SV;SLV;882;685;ISO 3166-2:WS
Sao Tome-et-Principe;Sao Tome and Principe;WS;WSM;678;239;ISO 3166-2:ST
Senegal;Senegal;ST;STP;686;221;ISO 3166-2:SN
Serbie;Serbia;SN;SEN;688;381;ISO 3166-2:RS
Seychelles;Seychelles;RS;SRB;690;248;ISO 3166-2:SC
Sierra Leone;Sierra Leone;SC;SYC;694;232;ISO 3166-2:SL
Singapour;Singapore;SL;SLE;702;65;ISO 3166-2:SG
Slovaquie;Slovakia;SG;SGP;703;421;ISO 3166-2:SK
Slovenie;Slovenia;SK;SVK;705;386;ISO 3166-2:SI
Somalie;Somalia;SI;SVN;706;252;ISO 3166-2:SO
Soudan;Sudan;SO;SOM;729;249;ISO 3166-2:SD
Soudan du Sud;South Sudan;SD;SDN;728;211;ISO 3166-2:SS
Sri Lanka;Sri Lanka;SS;SSD;144;94;ISO 3166-2:LK
Suede;Sweden;LK;LKA;752;46;ISO 3166-2:SE
Suisse;Switzerland;SE;SWE;756;41;ISO 3166-2:CH
Suriname;Suriname;CH;CHE;740;597;ISO 3166-2:SR
Syrie;Syria;SR;SUR;760;963;ISO 3166-2:SY
Tadjikistan;Tajikistan;SY;SYR;762;992;ISO 3166-2:TJ
Taiwan;Taiwan;TJ;TJK;158;886;ISO 3166-2:TW
Tanzanie;Tanzania;TW;TWN;834;255;ISO 3166-2:TZ
Tchad;Chad;TZ;TZA;148;235;ISO 3166-2:TD
Territoires palestiniens occupes;Palestinian Territories;TD;TCD;275;970;ISO 3166-2:PS
Thailande;Thailand;PS;PSE;764;66;ISO 3166-2:TH
Timor oriental;East-Timor;TH;THA;626;670;ISO 3166-2:TL
Togo;Togo;TL;TLS;768;228;ISO 3166-2:TG
Tonga;Tonga;TG;TGO;776;676;ISO 3166-2:TO
Trinite-Et-Tobago;Trinidad and Tobago;TO;TON;780;27140;ISO 3166-2:TT
Tunisie;Tunisia;TT;TTO;788;216;ISO 3166-2:TN
Turkmenistan;Turkmenistan;TN;TUN;795;993;ISO 3166-2:TM
Turquie;Turkey;TM;TKM;792;90;ISO 3166-2:TR
Tuvalu;Tuvalu;TR;TUR;798;688;ISO 3166-2:TV
Ukraine;Ukraine;TV;TUV;804;380;ISO 3166-2:UA
Uruguay;Uruguay;UA;UKR;858;598;ISO 3166-2:UY
Vanuatu;Vanuatu;UY;URY;548;678;ISO 3166-2:VU
Venezuela;Venezuela;VU;VUT;862;58;ISO 3166-2:VE
Viet Nam;Vietnam;VE;VEN;704;84;ISO 3166-2:VN
Yemen;Yemen;VN;VNM;887;967;ISO 3166-2:YE
Zambie;Zambia;YE;YEM;894;260;ISO 3166-2:ZM
Zimbabwe;Zimbabwe;ZM;ZMB;716;263;ISO 3166-2:ZW