PAYS;COUNTRY;ISOALPHA2;ISOALPHA3;NOMBRE;TELEPHONE;CODEISO
Afghanistan;Afghanistan;AF;AFG;4;93;ISO 3166-2:AF
Afrique du Sud;South Africa;ZA;ZAF;710;27;ISO 3166-2:ZA
Albanie;Albania;AL;ALB;8;355;ISO 3166-2:AL
Algerie;Algeria;DZ;DZA;12;213;ISO 3166-2:DZ
Allemagne;Germany;DE;DEU;276;49;ISO 3166-2:DE
Andorre;Andorra;AD;AND;20;376;ISO 3166-2:AD
Angola;Angola;AO;AGO;24;244;ISO 3166-2:AO
Antarctique;Antarctica;AQ;ATA;0;672;ISO 3166-2:AQ
Antigua-et-Barbuda;Antigua and Barbuda;AG;ATG;28;1;ISO 3166-2:AG
Arabie saoudite;Saudi Arabia;SA;SAU;682;966;ISO 3166-2:SA
Argentine;Argentina;AR;ARG;32;54;ISO 3166-2:AR
Armenie;Armenia;AM;ARM;51;374;ISO 3166-2:AM
Aruba;Aruba;AW;ABW;533;297;ISO 3166-2:AW
Australie;Australia;AU;AUS;36;61;ISO 3166-2:AU
Autriche;Austria;AT;AUT;40;43;ISO 3166-2:AT
Azerbadjan;Azerbaijan;AZ;AZE;31;994;ISO 3166-2:AZ
Bahamas;The Bahamas;BS;BHS;44;1;ISO 3166-2:BS
Bahrein;Bahrain;BH;BHR;48;973;ISO 3166-2:BH
Bangladesh;Bangladesh;BD;BGD;50;880;ISO 3166-2:BD
Barbade;Barbados;BB;BRB;52;1;ISO 3166-2:BB
Belgique;Belgium;BE;BEL;56;32;ISO 3166-2:BE
Belize;Belize;BZ;BLZ;84;501;ISO 3166-2:BZ
Benin;Benin;BJ;BEN;204;229;ISO 3166-2:BJ
Bhoutan;Bhutan;BT;BTN;64;975;ISO 3166-2:BT
Bielorussie;Belarus;BY;BLR;112;375;ISO 3166-2:BY
Birmanie;Myanmar;MM;MMR;104;95;ISO 3166-2:MM
Bolivie;Bolivia;BO;BOL;68;591;ISO 3166-2:BO
Bosnie-Herzegovine;Bosnia and Herzegovina;BA;BIH;70;387;ISO 3166-2:BA
Botswana;Botswana;BW;BWA;72;267;ISO 3166-2:BW
Bresil;Brazil;BR;BRA;76;55;ISO 3166-2:BR
Brunei;Brunei;BN;BRN;96;673;ISO 3166-2:BN
Bulgarie;Bulgaria;BG;BGR;100;359;ISO 3166-2:BG
Burkina Faso;Burkina Faso;BF;BFA;854;226;ISO 3166-2:BF
Burundi;Burundi;BI;BDI;108;257;ISO 3166-2:BI
Cambodge;Cambodia;KH;KHM;116;855;ISO 3166-2:KH
Cameroun;Cameroon;CM;CMR;120;237;ISO 3166-2:CM
Canada;Canada;CA;CAN;124;1;ISO 3166-2:CA
Cap-Vert;Cape Verde;CV;CPV;132;238;ISO 3166-2:CV
Chili;Chile;CL;CHL;152;56;ISO 3166-2:CL
Chine;China;CN;CHN;156;86;ISO 3166-2:CN
Chypre;Cyprus;CY;CYP;196;357;ISO 3166-2:CY
Colombie;Colombia;CO;COL;170;57;ISO 3166-2:CO
Comores;Comoros;KM;COM;174;269;ISO 3166-2:KM
Congo-Brazzaville;Congo-Brazzaville;CG;COG;0;242;ISO 3166-2:CG
Coree de Sud;South Korea;KR;KOR;410;82;ISO 3166-2:KR
Coree du Nord;North-Korea;KP;PRK;408;850;ISO 3166-2:KP
Costa Rica;Costa Rica;CR;CRI;188;506;ISO 3166-2:CR
Cote d'Ivoire;Ivory Coast;CI;CIV;384;225;ISO 3166-2:CI
Croatie;Croatia;HR;HRV;191;385;ISO 3166-2:HR
Cuba;Cuba;CU;CUB;192;53;ISO 3166-2:CU
Curacao;Curacao;CW;CUW;531;5999;ISO 3166-2:CW
Danemark;Denmark;DK;DNK;208;45;ISO 3166-2:DK
Djibouti;Djibouti;DJ;DJI;262;253;ISO 3166-2:DJ
Dominique;Dominica;DM;DMA;212;1;ISO 3166-2:DM
Egypte;Egypt;EG;EGY;818;20;ISO 3166-2:EG
Emirats arabes unis;United Arab Emirates;AE;ARE;784;971;ISO 3166-2:AE
Equateur;Ecuador;EC;ECU;218;593;ISO 3166-2:EC
Erythree;Eritrea;ER;ERI;232;291;ISO 3166-2:ER
Espagne;Spain;ES;ESP;724;34;ISO 3166-2:ES
Estonie;Estonia;EE;EST;233;372;ISO 3166-2:EE
Eswatini;Eswatini;SZ;SWZ;748;268;ISO 3166-2:SZ
Etats-Unis;United States;US;USA;840;1;ISO 3166-2:US
Ethiopie;Ethiopia;ET;ETH;231;251;ISO 3166-2:ET
Fidji;Fiji;FJ;FJI;242;679;ISO 3166-2:FJ
Finlande;Finland;FI;FIN;246;358;ISO 3166-2:FI
France;France;FR;FRA;250;33;ISO 3166-2:FR
Gabon;Gabon;GA;GAB;266;241;ISO 3166-2:GA
Gambie;Gambia;GM;GMB;270;220;ISO 3166-2:GM
Georgie;Georgia;GE;GEO;268;995;ISO 3166-2:GE
Ghana;Ghana;GH;GHA;288;233;ISO 3166-2:GH
Grece;Greece;GR;GRC;300;30;ISO 3166-2:GR
Grenade;Grenada;GD;GRD;308;1;ISO 3166-2:GD
Guatemala;Guatemala;GT;GTM;320;502;ISO 3166-2:GT
Guinee;Guinea;GN;GIN;324;224;ISO 3166-2:GN
Guinee Equatoriale;Equatorial Guinea;GQ;GNQ;226;240;ISO 3166-2:GQ
Guinee-Bissau;Guinea-Bissau;GW;GNB;624;245;ISO 3166-2:GW
Guyana;Guyana;GY;GUY;328;592;ISO 3166-2:GY
Haiti;Haiti;HT;HTI;332;509;ISO 3166-2:HT
Honduras;Honduras;HN;HND;340;504;ISO 3166-2:HN
Hongrie;Hungary;HU;HUN;348;36;ISO 3166-2:HU
Iles Cook;Cook Islands;CK;COK;184;682;ISO 3166-2:CK
Inde;India;IN;IND;356;91;ISO 3166-2:IN
Indonesie;Indonesia;ID;IDN;360;62;ISO 3166-2:ID
Irak;Iraq;IQ;IRQ;368;964;ISO 3166-2:IQ
Iran;Iran;IR;IRN;364;98;ISO 3166-2:IR
Irlande;Ireland;IE;IRL;372;353;ISO 3166-2:IE
Islande;Iceland;IS;ISL;352;354;ISO 3166-2:IS
Israel;Israel;IL;ISR;376;972;ISO 3166-2:IL
Italie;Italy;IT;ITA;380;39;ISO 3166-2:IT
Jamaique;Jamaica;JM;JAM;388;1;ISO 3166-2:JM
Japon;Japan;JP;JPN;392;81;ISO 3166-2:JP
Jordanie;Jordan;JO;JOR;400;962;ISO 3166-2:JO
Kazakhstan;Kazakhstan;KZ;KAZ;398;7;ISO 3166-2:KZ
Kenya;Kenya;KE;KEN;404;254;ISO 3166-2:KE
Kirghizistan;Kiribati;KI;KIR;296;686;ISO 3166-2:KI
Kirghizistan;Kyrgyzstan;KG;KGZ;417;996;ISO 3166-2:KG
Kosovo;Kosovo;KO;KOV;14110;381;
Koweit;Kuwait;KW;KWT;414;965;ISO 3166-2:KW
Laos;Laos;LA;LAO;418;856;ISO 3166-2:LA
Lesotho;Lesotho;LS;LSO;426;266;ISO 3166-2:LS
Lettonie;Latvia;LV;LVA;428;371;ISO 3166-2:LV
Liban;Lebanon;LB;LBN;422;961;ISO 3166-2:LB
Liberia;Liberia;LR;LBR;430;231;ISO 3166-2:LR
Libye;Libya;LY;LBY;434;218;ISO 3166-2:LY
Liechtenstein;Liechtenstein;LI;LIE;438;423;ISO 3166-2:LI
Lituanie;Lithuania;LT;LTU;440;370;ISO 3166-2:LT
Luxembourg;Luxembourg;LU;LUX;442;352;ISO 3166-2:LU
Macedoine;Macedonia;MK;MKD;807;389;ISO 3166-2:MK
Madagascar;Madagascar;MG;MDG;450;261;ISO 3166-2:MG
Malaisie;Malaysia;MY;MYS;458;60;ISO 3166-2:MY
Malawi;Malawi;MW;MWI;454;265;ISO 3166-2:MW
Maldives;Maldives;MV;MDV;462;960;ISO 3166-2:MV
Mali;Mali;ML;MLI;466;223;ISO 3166-2:ML
Malte;Malta;MT;MLT;470;356;ISO 3166-2:MT
Maroc;Morocco;MA;MAR;504;212;ISO 3166-2:MA
Marshall;Marchall Islands;MH;MHL;584;692;ISO 3166-2:MH
Maurice;Mauritius;MU;MUS;480;230;ISO 3166-2:MU
Mauritanie;Mauritania;MR;MRT;478;222;ISO 3166-2:MR
Mexique;Mexico;MX;MEX;484;52;ISO 3166-2:MX
Micronesie;Micronesia;FM;FSM;583;691;ISO 3166-2:FM
Moldavie;Moldova;MD;MDA;498;373;ISO 3166-2:MD
Monaco;Monaco;MC;MCO;492;377;ISO 3166-2:MC
Mongolie;Mongolia;MN;MNG;496;976;ISO 3166-2:MN
Montenegro;Montenegro;ME;MNE;499;382;ISO 3166-2:ME
Mozambique;Mozambique;MZ;MOZ;508;258;ISO 3166-2:MZ
Namibie;Namibia;NA;NAM;516;264;ISO 3166-2:NA
Nauru;Nauru;NR;NRU;520;674;ISO 3166-2:NR
Nepal;Nepal;NP;NPL;524;977;ISO 3166-2:NP
Nicaragua;Nicaragua;NI;NIC;558;505;ISO 3166-2:NI
Niger;Niger;NE;NER;562;227;ISO 3166-2:NE
Nigeria;Nigeria;NG;NGA;566;234;ISO 3166-2:NG
Niue;Niue;NU;NIU;570;683;ISO 3166-2:NU
Norvege;Norway;NO;NOR;578;47;ISO 3166-2:NO
Nouvelle-Zelande;New Zealand;NZ;NZL;554;64;ISO 3166-2:NZ
Oman;Oman;OM;OMN;512;968;ISO 3166-2:OM
Ouganda;Uganda;UG;UGA;800;256;ISO 3166-2:UG
Ouzbekistan;Uzbekistan;UZ;UZB;860;998;ISO 3166-2:UZ
Pakistan;Pakistan;PK;PAK;586;92;ISO 3166-2:PK
Palaos;Palau;PW;PLW;585;680;ISO 3166-2:PW
Panama;Panama;PA;PAN;591;507;ISO 3166-2:PA
Papouasie-Nouvelle-Guinee;Papua New Guinea;PG;PNG;598;675;ISO 3166-2:PG
Paraguay;Paraguay;PY;PRY;600;595;ISO 3166-2:PY
Pays-Bas;Netherlands;NL;NLD;528;31;ISO 3166-2:NL
Perou;Peru;PE;PER;604;51;ISO 3166-2:PE
Philippines;Philippines;PH;PHL;608;63;ISO 3166-2:PH
Pologne;Poland;PL;POL;616;48;ISO 3166-2:PL
Portugal;Portugal;PT;PRT;620;351;ISO 3166-2:PT
Qatar;Qatar;QA;QAT;634;974;ISO 3166-2:QA
Republique Centrafricaine;Central African Republic;CF;CAF;140;236;ISO 3166-2:CF
Republique Dominicaine;Dominican Republic;DO;DOM;214;1;ISO 3166-2:DO
Republique Tcheque;Czech Republic;CZ;CZE;203;420;ISO 3166-2:CZ
Republique democratique du Congo;Democratic Republic of the Congo;CD;COD;180;243;ISO 3166-2:CD
Roumanie;Romania;RO;ROU;642;40;ISO 3166-2:RO
Royaume-Uni;United Kingdom;GB;GBR;826;44;ISO 3166-2:GB
Russie;Russian Federation;RU;RUS;643;7;ISO 3166-2:RU
Rwanda;Rwanda;RW;RWA;646;250;ISO 3166-2:RW
Saint-Christophe-et-Nieves;Saint Kitts and Nevis;KN;KNA;659;1;ISO 3166-2:KN
Saint-Marin;San Marino;SM;SMR;674;378;ISO 3166-2:SM
Saint-Siege ;Vatican City;VA;VAT;336;39;ISO 3166-2:VA
Saint-Vincent-Et-Les Grenadines;Saint Vincent and the Grenadines;VC;VCT;670;1;ISO 3166-2:VC
Sainte-Lucie;Saint Lucia;LC;LCA;662;1;ISO 3166-2:LC
Salomon;Solomon Islands;SB;SLB;90;677;ISO 3166-2:SB
Salvador;El Salvador;SV;SLV;222;503;ISO 3166-2:SV
Samoa;Samoa;WS;WSM;882;685;ISO 3166-2:WS
Sao Tome-et-Principe;Sao Tome and Principe;ST;STP;678;239;ISO 3166-2:ST
Senegal;Senegal;SN;SEN;686;221;ISO 3166-2:SN
Serbie;Serbia;RS;SRB;688;381;ISO 3166-2:RS
Seychelles;Seychelles;SC;SYC;690;248;ISO 3166-2:SC
Sierra Leone;Sierra Leone;SL;SLE;694;232;ISO 3166-2:SL
Singapour;Singapore;SG;SGP;702;65;ISO 3166-2:SG
Slovaquie;Slovakia;SK;SVK;703;421;ISO 3166-2:SK
Slovenie;Slovenia;SI;SVN;705;386;ISO 3166-2:SI
Somalie;Somalia;SO;SOM;706;252;ISO 3166-2:SO
Soudan;Sudan;SD;SDN;729;249;ISO 3166-2:SD
Soudan du Sud;South Sudan;SS;SSD;728;211;ISO 3166-2:SS
Sri Lanka;Sri Lanka;LK;LKA;144;94;ISO 3166-2:LK
Suede;Sweden;SE;SWE;752;46;ISO 3166-2:SE
Suisse;Switzerland;CH;CHE;756;41;ISO 3166-2:CH
Suriname;Suriname;SR;SUR;740;597;ISO 3166-2:SR
Syrie;Syria;SY;SYR;760;963;ISO 3166-2:SY
Tadjikistan;Tajikistan;TJ;TJK;762;992;ISO 3166-2:TJ
Taiwan;Taiwan;TW;TWN;158;886;ISO 3166-2:TW
Tanzanie;Tanzania;TZ;TZA;834;255;ISO 3166-2:TZ
Tchad;Chad;TD;TCD;148;235;ISO 3166-2:TD
Territoires palestiniens occupes;Palestinian Territories;PS;PSE;275;970;ISO 3166-2:PS
Thailande;Thailand;TH;THA;764;66;ISO 3166-2:TH
Timor oriental;East-Timor;TL;TLS;626;670;ISO 3166-2:TL
Togo;Togo;TG;TGO;768;228;ISO 3166-2:TG
Tonga;Tonga;TO;TON;776;676;ISO 3166-2:TO
Trinite-Et-Tobago;Trinidad and Tobago;TT;TTO;780;27140;ISO 3166-2:TT
Tunisie;Tunisia;TN;TUN;788;216;ISO 3166-2:TN
Turkmenistan;Turkmenistan;TM;TKM;795;993;ISO 3166-2:TM
Turquie;Turkey;TR;TUR;792;90;ISO 3166-2:TR
Tuvalu;Tuvalu;TV;TUV;798;688;ISO 3166-2:TV
Ukraine;Ukraine;UA;UKR;804;380;ISO 3166-2:UA
Uruguay;Uruguay;UY;URY;858;598;ISO 3166-2:UY
Vanuatu;Vanuatu;VU;VUT;548;678;ISO 3166-2:VU
Venezuela;Venezuela;VE;VEN;862;58;ISO 3166-2:VE
Viet Nam;Vietnam;VN;VNM;704;84;ISO 3166-2:VN
Yemen;Yemen;YE;YEM;887;967;ISO 3166-2:YE
Zambie;Zambia;ZM;ZMB;894;260;ISO 3166-2:ZM
Zimbabwe;Zimbabwe;ZW;ZWE;716;263;ISO 3166-2:ZW
